LP.;ID;Nazwa;Rzeka;Szerokość geograficzna;Długość geograficzna;Wysokość n.p.m.
1;149180010;Krzyżanowice;Odra (1);49 59 37;18 17 14;
2;149180020;Chałupki;Odra (1);49 55 19;18 19 40;
3;149180030;Łaziska;Olza (114);49 55 28;18 26 35;
4;149180040;Gołkowice;Szotkówka (1148);49 55 33;18 29 47;
5;149180050;Zebrzydowice;Piotrówka (1146);49 52 48;18 36 48;
6;149180060;Cieszyn;Olza (114);49 44 45;18 37 47;
7;149180070;Cieszyn;Młynówka (11448);49 44 46;18 37 53;
8;149180080;DROGOMYŚL;Wisła (2);49 53 09;18 44 58;
9;149180090;MIZERÓW-BORKI;Pszczynka (2116);49 59 56;18 46 07;
10;149180100;SKOCZÓW;Wisła (2);49 48 12;18 47 30;
11;149180110;Ustroń-Obłaziec;Wisła (2);49 40 50;18 51 01;
12;149180120;Górki Wielkie;Brennica (21114);49 46 21;18 51 09;
13;149180130;Istebna;Olza (114);49 34 19;18 53 34;
14;149180140;Wisła;Wisła (2);49 37 55;18 54 03;
15;149180160;Wisła-Czarne;Wisła (2);49 37 08;18 55 07;
16;149180180;Wisła-Czarne (Biała Wisełka);Biała Wisełka (2111152);49 37 05;18 56 08;
17;149180200;Wisła-Czarne (Czarna Wisełka);Wisła (2);49 36 27;18 55 34;
18;149180210;Zabrzeg;Wisła (2);49 55 31;18 56 07;
19;149180220;Pszczyna;Pszczynka (2116);49 58 45;18 56 45;
20;149180230;Podkępie;Wapienica (21128);49 53 44;18 58 39;
21;149180240;Goczałkowice;Wisła (2);49 55 54;18 59 09;
22;149180250;CZECHOWICE-DZIEDZICE;Iłownica (2112);49 54 49;18 59 11;
23;149180300;Olza;Odra (1);49 57 17;18 19 35;
24;149190010;CZECHOWICE-BESTWINA;Biała (2114);49 53 29;19 01 49;
25;149190020;KAMESZNICA;Bystra (213232);49 34 05;19 04 11;
26;149190030;MIKUSZOWICE;Biała (2114);49 46 46;19 04 27;
27;149190040;UJSOŁY;Woda Ujsolska (21322);49 29 33;19 07 02;
28;149190050;RAJCZA;Soła (2132);49 30 50;19 06 59;
29;149190060;JAWISZOWICE;Wisła (2);49 58 21;19 07 19;
30;149190070;ŁODYGOWICE;Żylica (213274);49 43 38;19 08 10;
31;149190080;CIĘCINA;Soła (2132);49 37 29;19 08 56;
32;149190090;ŻABNICA;Żabniczanka (213234);49 33 53;19 10 49;
33;149190100;ŻYWIEC;Soła (2132);49 41 11;19 11 36;
34;149190120;CZANIEC-KOBIERNICE;Soła (2132);49 50 54;19 13 40;
35;149190140;ŁĘKAWICA;Łękawka (213278);49 42 42;19 15 44;
36;149190150;PEWEL MAŁA;Koszarawa (21324);49 39 31;19 18 20;
37;149190160;RUDZE;Wieprzówka (21348);49 57 42;19 26 33;
38;149190170;ZATOR;Skawa (2134);49 59 57;19 26 44;
39;149190180;WADOWICE;Skawa (2134);49 52 38;19 30 40;
40;149190200;SUCHA BESKIDZKA;Stryszawka (21346);49 44 36;19 36 04;
41;149190210;SUCHA BESKIDZKA;Skawa (2134);49 44 22;19 36 31;
42;149190220;SKAWICA DOLNA;Skawica (21344);49 41 10;19 39 49;
43;149190230;CZERNICHÓW-PROM;Wisła (2);49 58 53;19 39 47;
44;149190250;JABŁONKA;Piekielnik (82224);49 28 20;19 41 43;
45;149190260;OSIELEC;Skawa (2134);49 41 00;19 44 21;
46;149190270;RADZISZÓW;Skawinka (21356);49 56 24;19 48 32;
47;149190280;KONIÓWKA;Dunajec (214);49 23 44;19 49 05;
48;149190290;JORDANÓW;Skawa (2134);49 38 11;19 49 48;
49;149190300;KOŚCIELISKO-KIRY;Kirowa Woda (214112);49 16 33;19 52 05;
50;149190310;STRÓŻA;Raba (2138);49 47 49;19 55 29;
51;149190320;ZAKOPANE-DOL.STRĄŻYSKA;Młyniska (214122);49 16 34;19 56 08;
52;149190340;RABKA 2;Raba (2138);49 36 49;19 56 56;
53;149190350;KRZCZONÓW;Krzczonówka (213836);49 44 12;19 57 14;
54;149190360;LUDŹMIERZ ;Lepietnica (2141156);49 28 07;19 58 32;
55;149190370;LUBIEŃ;Lubieńka (213834);49 43 11;19 58 42;
56;149190380;ZAKOPANE-HARENDA;Biały Dunajec (21412);49 18 58;19 58 39;
57;149190390;LUDŹMIERZ;Wielki Rogoźnik (214116);49 27 34;19 59 12;
58;149190480;Zembrzyce;Paleczka (2134732);49 46 20;19 37 00;
59;149190490;Bystra 2;Bystrzanka (21342);49 39 06;19 47 01;
60;149190500;Rzyki;Wieprzówka (21348);49 49 25;19 22 36;
61;149190510;Brody;Cedron (213568);49 51 59;19 41 41;
62;149200010;PORONIN;Poroniec (214128);49 20 14;20 00 11;
63;149200020;SZAFLARY;Biały Dunajec (21412);49 25 27;20 01 29;
64;149200030;NOWY TARG;Dunajec (214);49 29 04;20 01 52;
65;149200040;KASINKA MAŁA;Raba (2138);49 42 17;20 01 57;
66;149200050;NOWY TARG-KOWANIEC;Dunajec (214);49 29 13;20 03 13;
67;149200060;MSZANA DOLNA;Raba (2138);49 39 29;20 03 33;
68;149200080;MSZANA DOLNA;Mszanka (21382);49 40 29;20 04 46;
69;149200090;DOBCZYCE;Raba (2138);49 53 01;20 05 10;
70;149200100;ŁYSA POLANA;Białka (214154);49 15 49;20 06 54;
71;149200110;TRYBSZ 2;Białka (214154);49 25 04;20 07 03;
72;149200120;NIEDZICA;Niedziczanka (214172);49 24 41;20 18 08;
73;149200130;STRADOMKA;Stradomka (21388);49 55 14;20 18 30;
74;149200140;SROMOWCE WYŻNE;Dunajec (214);49 24 02;20 21 14;
75;149200150;TYLMANOWA;Ochotnica (2141976);49 31 02;20 23 13;
76;149200160;KROŚCIENKO;Dunajec (214);49 26 30;20 25 46;
77;149200170;PROSZÓWKI;Raba (2138);49 59 47;20 26 18;
78;149200180;SZCZAWNICA;Grajcarek (214196);49 25 13;20 29 36;
79;149200190;GOŁKOWICE;Dunajec (214);49 32 59;20 34 12;
80;149200200;JAKUBKOWICE;Łososina (214734);49 44 22;20 37 48;
81;149200220;STARY SĄCZ;Poprad (2142);49 34 07;20 39 35;
82;149200230;CZCHÓW;Dunajec (214);49 48 59;20 40 55;
83;149200240;NOWY SĄCZ;Dunajec (214);49 37 38;20 41 14;
84;149200250;NOWY SĄCZ;Kamienica (21432);49 37 31;20 41 45;
85;149200260;NOWY SĄCZ;Łubinka (21434);49 38 07;20 42 17;
86;149200270;ŁABOWA;Kamienica (21432);49 31 35;20 51 32;
87;149200280;ZGŁOBICE;Dunajec (214);49 58 30;20 52 47;
88;149200290;MUSZYNA-MILIK;Poprad (2142);49 21 00;20 53 07;
89;149200300;MUSZYNA;Poprad (2142);49 20 22;20 53 31;
90;149200310;GRYBÓW;Biała (2148);49 37 26;20 56 45;
91;149200320;KOSZYCE WIELKIE;Biała (2148);49 59 50;20 56 58;
92;149200330;CIĘŻKOWICE;Biała (2148);49 47 32;20 58 25;
93;149200520;Pierzchów;Królewski Potok (213892);49 56 03;20 16 48;
94;149200530;Skrzynka;Krzyworzeka (213874);49 52 29;20 07 58;380.0
95;149200540;Gdów 2;Raba (2138);49 54 05;20 12 42;
96;149209990;Piekiełko;Łososina (214734);49 44 58;20 20 45;
97;149210010;ROPA;Ropa (2182);49 35 09;21 02 47;
98;149210020;GORLICE;Sękówka (21826);49 39 17;21 10 13;
99;149210030;KLĘCZANY;Ropa (2182);49 42 05;21 13 00;
100;149210040;ŁABUZIE;Wisłoka (218);49 59 16;21 18 35;
101;149210050;KRAJOWICE;Wisłoka (218);49 46 20;21 24 45;
102;149210060;TOPOLINY;Ropa (2182);49 43 29;21 26 36;
103;149210070;ŻÓŁKÓW;Wisłoka (218);49 43 48;21 27 33;
104;149210080;JASŁO;Jasiołka (2184);49 45 01;21 28 23;
105;149210090;KREMPNA-KOTAŃ;Wisłoka (218);49 30 59;21 29 03;
106;149210100;ZBOISKA;Jasiołka (2184);49 34 28;21 41 54;
107;149210110;KROSNO;Wisłok (226);49 41 38;21 46 29;
108;149210120;GODOWA;Stobnica (2264);49 50 55;21 48 42;
109;149210130;ŻARNOWA;Wisłok (226);49 52 40;21 49 03;
110;149210140;ISKRZYNIA;Morwawa (2262);49 40 38;21 51 52;
111;149210150;PUŁAWY;Wisłok (226);49 29 24;21 54 24;
112;149210160;SIENIAWA;Wisłok (226);49 34 04;21 55 48;
113;149210180;Kunkowa;Przysłopianka (218232);49 32 57;21 07 31;
114;149210190;Uście Gorlickie;Ropa (2182);49 31 11;21 08 27;
115;149210200;Uście Gorlickie;Zdynia (218218);49 31 03;21 08 37;
116;149210210;Pastwiska;Wisłok (226);49 31 20;21 55 42;
117;149210450;Darów;Wisłok (226);49 26 37;21 54 38;
118;149210460;Odrzechowa;Odrzechowski (226156);49 32 45;21 57 05;
119;149210470;Miejsce Piastowe;Lubatówka (22632);49 37 52;21 46 50;
120;149210480;Wisłok Wielki;Wisłok (226);49 24 02;21 58 46;
121;149220010;NOWOSIELCE;Pielnica (22618);49 34 01;22 04 15;
122;149220020;SZCZAWNE;Osława (222);49 24 13;22 09 01;
123;149220030;OLCHOWCE;San (22);49 33 22;22 13 07;
124;149220040;DYNÓW;San (22);49 48 03;22 14 39;
125;149220050;ZAGÓRZ;Osława (222);49 30 48;22 16 08;
126;149220060;LESKO;San (22);49 28 09;22 19 20;
127;149220070;HOCZEW;Hoczewka (2218);49 25 26;22 19 42;
128;149220080;CISNA;Solinka (22134);49 12 47;22 20 00;
129;149220100;TERKA;Solinka (22134);49 17 59;22 25 45;
130;149220110;KALNICA;Wetlina (221346);49 11 20;22 25 45;
131;149220130;ZATWARNICA;San (22);49 14 06;22 33 47;
132;149220140;POLANA;Czarna (22132);49 18 09;22 34 27;
133;149220150;DWERNIK;San (22);49 13 07;22 37 58;
134;149220160;RYBOTYCZE;Wiar (224);49 39 16;22 38 18;
135;149220170;KROŚCIENKO;Strwiąż (76);49 28 23;22 39 46;
136;149220180;STUPOSIANY;Wołosaty (22114);49 11 09;22 41 01;
137;149220190;PRZEMYŚL;San (22);49 47 05;22 46 02;
138;149220200;KRÓWNIKI;Wiar (224);49 46 01;22 49 23;
139;149220210;NIENOWICE;Wisznia (2252);49 56 16;22 55 01;
140;149229998;Kańczuga;Mleczka (2268);49 58 48;22 25 14;
141;149229999;Manasterz;Mleczka (2268);49 55 39;22 20 16;
142;149230020;BUDZYŃ;Szkło (2254);49 59 05;23 07 20;
143;150140010;Porajów;Nysa Łużycka (174);50 53 14;14 49 17;
144;150140020;Sieniawka;Nysa Łużycka (174);50 53 47;14 50 13;
145;150140030;Turoszów;Miedzianka (17416);50 56 20;14 55 04;
146;150140100;BOGATYNIA;Miedzianka (17416);50 53 32;14 59 42;
147;150140140;Kopaczów;Lubota (174134);50 52 20;14 49 43;
148;150150010;Mirsk;Kwisa (166);50 59 22;15 23 02;
149;150150020;Mirsk;Czarny Potok (16632);50 59 12;15 23 02;
150;150150030;Jakuszyce;Kamienna (162);50 49 21;15 26 24;
151;150150040;Barcinek;Kamienica (163332);50 56 38;15 36 14;
152;150150050;Piechowice;Kamienna (162);50 51 00;15 35 18;
153;150150060;Pilchowice;Bóbr (16);50 57 50;15 38 26;
154;150150070;Jelenia Góra;Kamienna (162);50 53 55;15 43 20;
155;150150080;Jelenia Góra;Bóbr (16);50 54 39;15 43 17;
156;150150090;Łomnica;Łomnica (1618);50 52 35;15 48 11;
157;150150100;Wojanów;Bóbr (16);50 52 14;15 49 37;
158;150150110;Kowary;Jedlica (16188);50 47 41;15 50 03;
159;150150120;Bukówka;Bóbr (16);50 42 46;15 57 27;
160;150150130;Błażkowa;Bóbr (16);50 44 22;15 59 11;
161;150150190;Podgórzyn;Podgórna (16288);50 49 13;15 41 01;
162;150150200;Sosnówka;Sośniak (16288832);50 49 20;15 43 09;
163;150150230;Opawa;Bóbr (16);50 42 05;15 55 32;
164;150159997;Miszkowice;Złotna (161152);50 42 52;15 55 44;
165;150160010;Kamienna Góra;Bóbr (16);50 47 11;16 02 10;
166;150160020;Świebodzice;Pełcznica (13486);50 51 37;16 18 49;
167;150160030;Chwaliszów;Strzegomka (1348);50 52 40;16 13 59;
168;150160040;Kudowa-Zdrój-Zakrze;Klikawa (946);50 25 51;16 14 38;
169;150160060;Jugowice;Bystrzyca (134);50 43 59;16 24 12;
170;150160070;Lubachów;Bystrzyca (134);50 45 57;16 25 52;
171;150160080;Tłumaczów;Ścinawka (122);50 33 07;16 26 10;
172;150160090;Łażany;Strzegomka (1348);50 57 11;16 29 33;
173;150160100;Gorzuchów;Ścinawka (122);50 29 07;16 34 16;
174;150160110;Szalejów Dolny;Bystrzyca Dusznicka (1218);50 25 11;16 36 17;
175;150160120;Krasków;Bystrzyca (134);50 54 56;16 35 02;
176;150160130;Mościsko;Piława (1344);50 46 55;16 35 03;
177;150160140;Dzierżoniów;Piława (1344);50 43 33;16 38 46;
178;150160150;Bystrzyca Kłodzka;Bystrzyca (1214);50 17 47;16 38 55;
179;150160160;Mietków;Bystrzyca (134);50 58 06;16 39 02;
180;150160170;Bystrzyca Kłodzka;Nysa Kłodzka (12);50 17 37;16 38 54;
181;150160180;Kłodzko;Nysa Kłodzka (12);50 26 33;16 39 31;
182;150160190;Międzylesie;Nysa Kłodzka (12);50 09 20;16 39 51;
183;150160200;Żelazno;Biała Lądecka (1216);50 22 23;16 40 26;
184;150160210;Wilkanów;Wilczka (1212);50 15 55;16 39 44;
185;150160220;Bardo;Nysa Kłodzka (12);50 30 16;16 44 23;
186;150160230;Lądek-Zdrój;Biała Lądecka (1216);50 20 48;16 52 13;
187;150160250;Białobrzezie;Ślęza (1336);50 48 08;16 53 32;
188;150160270;Kamieniec Ząbkowicki;Budzówka (1232);50 31 56;16 51 54;
189;150160280;Borów;Ślęza (1336);50 53 20;16 59 26;
190;150160290;Gniechowice;Czarna Woda (1346);50 59 15;16 49 45;
191;150160330;Szczytna;Kamienny Potok (12184);50 24 56;16 26 35;
192;150160340;Sarny;Włodzica (1224);50 32 52;16 27 57;
193;150160350;Szalejów Górny;Bystrzyca Dusznicka (1218);50 25 06;16 32 14;
194;150160360;Starków;Duna Dolna (121584);50 22 39;16 34 48;
195;150160370;Topolice;Duna Górna (12158);50 22 01;16 36 33;
196;150160380;Krosnowice;Duna Górna (12158);50 23 01;16 37 43;
197;150160390;Roztoki Bystrzyckie;Goworówka (12114);50 11 27;16 40 20;
198;150160400;Boboszów;Nysa Kłodzka (12);50 06 53;16 41 30;
199;150160410;Gajnik;Cieszyca (121144);50 11 37;16 42 14;
200;150160420;Goworów;Goworówka (12114);50 10 44;16 42 43;
201;150160430;Domanice;Bystrzyca (134);50 56 55;16 35 11;
202;150169999;Sędzisław;Bóbr (16);50 49 10;16 02 43;
203;150170010;Zborowice;Oława (1334);50 48 20;17 10 14;
204;150170030;Oława;Oława (1334);50 56 52;17 17 34;
205;150170040;Oława;Odra (1);50 56 47;17 18 23;
206;150170050;Biała Nyska;Biała Głuchołaska (12598);50 26 01;17 17 51;
207;150170060;Nysa;Nysa Kłodzka (12);50 28 52;17 20 30;
208;150170070;Głuchołazy;Biała Głuchołaska (12598);50 18 58;17 22 46;
209;150170080;Jarnołtówek;Złoty Potok (117644);50 17 09;17 25 41;
210;150170090;Brzeg;Odra (1);50 51 56;17 28 10;
211;150170100;Kopice;Nysa Kłodzka (12);50 38 44;17 28 42;
212;150170110;Prudnik;Prudnik (11764);50 19 10;17 35 19;
213;150170120;Niemodlin;Ścinawa Niemodlińska (128);50 38 44;17 37 28;
214;150170130;Ujście Nysy Kłodzkiej;Odra (1);50 49 06;17 39 40;
215;150170140;Skorogoszcz;Nysa Kłodzka (12);50 45 43;17 40 30;
216;150170150;Karłowice;Stobrawa (132);50 52 43;17 43 18;
217;150170160;Branice;Opawa (112);50 03 04;17 46 10;
218;150170170;Branice;Boczne koryto Opawy (112374);50 03 05;17 46 19;
219;150170180;Racławice Śląskie;Osobłoga (1176);50 18 55;17 47 20;
220;150170200;Domaradz;Bogacica (1324);50 57 15;17 51 52;
221;150170210;Krzywa Góra;Budkowiczanka (1328);50 51 39;17 52 43;
222;150170220;Dobra;Biała (11768);50 26 53;17 53 49;
223;150170240;Krapkowice;Odra (1);50 28 38;17 58 05;
224;150170290;Opole-Groszowice;Odra (1);50 38 03;17 56 18;
225;150170320;MALERZOWICE WIELKIE;Nysa Kłodzka (12);50 35 04;17 28 28;
226;150170330;Paczków;Nysa Kłodzka (12);50 28 08;17 00 58;
227;150170340;Dziewiętlice;Świdna (1259928);50 24 57;17 05 07;
228;150170350;Kałków;Widna (12594);50 24 02;17 11 48;
229;150170360;Steblów;Osobłoga (1176);50 27 06;17 56 26;
230;150180010;Kamionka;Stradunia (1174);50 23 28;18 02 33;
231;150180020;Turawa;Mała Panew (118);50 44 23;18 04 36;
232;150180030;Koźle;Odra (1);50 21 07;18 08 48;
233;150180040;Bojanów;Psina (1152);50 01 50;18 09 15;
234;150180050;Ozimek;Mała Panew (118);50 40 45;18 12 14;
235;150180060;Racibórz-Miedonia;Odra (1);50 07 19;18 13 47;
236;150180070;Lenartowice;Kłodnica (116);50 21 27;18 14 08;
237;150180080;Grabówka;Bierawka (1158);50 17 04;18 16 33;
238;150180090;Nędza;Sumina (11568);50 09 28;18 18 38;
239;150180100;Staniszcze Wielkie;Mała Panew (118);50 39 48;18 20 33;
240;150180110;Ruda Kozielska;Ruda (1156);50 12 17;18 24 06;
241;150180130;Rybnik-Stodoły;Ruda (1156);50 09 15;18 28 59;
242;150180140;Rybnik;Nacyna (115654);50 06 09;18 31 59;
243;150180150;Pyskowice-Dzierżno;Kłodnica (116);50 22 47;18 32 36;
244;150180160;Pyskowice-Dzierżno;Drama (1166);50 22 57;18 32 35;
245;150180170;Pyskowice;Drama (1166);50 23 11;18 35 20;
246;150180190;Krupski Młyn;Mała Panew (118);50 34 16;18 37 28;
247;150180210;Niwki;Liswarta (1816);50 49 15;18 39 45;
248;150180220;Gliwice;Kłodnica (116);50 17 53;18 40 06;
249;150180230;Wesoła;Stoła (11816);50 33 42;18 41 24;
250;150180250;Kłodnica;Kłodnica (116);50 14 12;18 51 51;
251;150180270;Kozłowa Góra;Brynica (2126);50 24 44;18 58 19;
252;150180280;Rybnik-Gotartowice;Ruda (1156);50 05 08;18 37 43;
253;150180300;Tychy;Gostynia (2118);50 05 12;18 58 40;
254;150180310;Bobrowniki;Brynica (2126);50 22 28;18 57 47;
255;150180320;Rudziniec;Kłodnica (116);50 22 43;18 24 21;
256;150180330;Rybnik-Paruszowiec;Ruda (1156);50 06 36;18 33 26;
257;150180340;Kluczbork;Stobrawa (132);50 58 09;18 14 24;
258;150190010;Brynica;Brynica (2126);50 28 21;19 00 02;
259;150190050;Bieruń Stary;Mleczna (21188);50 05 34;19 05 19;
260;150190060;Bojszowy;Gostynia (2118);50 03 40;19 06 30;
261;150190070;Szabelnia;Brynica (2126);50 15 34;19 08 12;
262;150190080;Radocha;Przemsza (212);50 15 39;19 08 25;
263;150190100;Niwka;Biała Przemsza (2128);50 14 09;19 09 39;
264;150190120;PRZECZYCE;Przemsza (212);50 25 38;19 10 40;
265;150190130;ŁAGISZA;Przemsza (212);50 21 01;19 11 08;
266;150190140;BIERUŃ NOWY;Wisła (2);50 03 53;19 11 37;
267;150190150;Poraj;Warta (18);50 40 24;19 12 14;
268;150190160;OŚWIĘCIM;Soła (2132);50 02 24;19 13 07;
269;150190170;PUSTYNIA;Wisła (2);50 03 48;19 14 11;
270;150190180;JELEŃ;Przemsza (212);50 09 40;19 14 23;
271;150190190;PIWOŃ;Przemsza (212);50 28 59;19 15 12;
272;150190200;Lgota Nadwarcie;Warta (18);50 37 06;19 15 34;
273;150190210;Kuźnica Sulikowska;Mitręga (21234);50 27 11;19 16 22;
274;150190220;MSTÓW;Warta (18);50 49 52;19 17 20;
275;150190240;Kręciwilk;Warta (18);50 32 43;19 22 13;
276;150190250;Sławków;Biała Przemsza (2128);50 17 59;19 23 56;
277;150190260;SMOLICE;Wisła (2);50 01 52;19 27 37;
278;150190270;Golczowice;Biała Przemsza (2128);50 21 41;19 36 09;
279;150190280;Wąsosz;Pilica (254);50 45 04;19 40 58;
280;150190310;BALICE;Rudawa (2136);50 05 35;19 48 24;
281;150190330;OJCÓW;Prądnik (21374);50 11 41;19 49 57;
282;150190340;KRAKÓW-BIELANY;Wisła (2);50 02 25;19 50 36;
283;150190350;Januszewice;Czarna (2542);50 56 30;19 57 39;
284;150190360;Las;Wisła (2);50 02 08;19 22 56;
285;150190390;Częstochowa 1;Stradomka (1812);50 47 45;19 07 30;
286;150190400;Częstochowa 2;Kucelinka (18132);50 48 22;19 09 15;
287;150190410;Częstochowa 3;Warta (18);50 48 50;19 07 58;
288;150190430;Kamienica Polska;Kamieniczka (18118);50 41 14;19 09 15;
289;150190440;Słowik;Warta (18);50 44 54;19 11 02;
290;150190450;Nowa Kuźnica;Boży Stok (181152);50 37 14;19 12 58;
291;150190460;Masłońskie;Ordonka (181156);50 38 57;19 15 12;
292;150190470;Dąbek;Wiercica (18136);50 50 58;19 26 39;
293;150190480;Kraków-Łagiewniki;Wilga (21372);50 00 43;19 56 16;
294;150200010;MNISZEK;Nida (216);50 43 39;20 17 06;
295;150200020;BOCHENIEC;Wierna Rzeka (2162);50 48 09;20 18 42;
296;150200030;BRZEGI;Nida (216);50 44 31;20 24 50;
297;150200040;TOKARNIA;Czarna Nida (2164);50 46 27;20 27 11;
298;150200050;MICHAŁÓW;Mierzawa (2166);50 29 30;20 27 23;
299;150200060;SIEROSŁAWICE;Wisła (2);50 07 55;20 27 24;
300;150200070;BISKUPICE;Szreniawa (21392);50 10 39;20 29 57;
301;150200080;PIŃCZÓW;Nida (216);50 30 51;20 31 13;
302;150200090;SŁOWIK;Bobrza (216482);50 49 58;20 32 10;
303;150200100;POPĘDZYNKA;Wisła (2);50 08 29;20 32 58;
304;150200120;MORAWICA;Czarna Nida (2164);50 45 01;20 37 00;
305;150200140;BORZĘCIN;Uszwica (21396);50 03 54;20 42 20;
306;150200150;KARSY;Wisła (2);50 16 30;20 46 29;
307;150200160;DALESZYCE;Czarna Nida (2164);50 48 03;20 48 47;
308;150200170;ŻABNO;Dunajec (214);50 07 55;20 51 43;
309;150200180;Orłów;Szreniawa (21392);50 17 03;20 02 10;
310;150200190;Kamyszów;Nidzica (21398);50 18 15;20 28 27;
311;150200200;Wiślica 2;Nida (216);50 20 26;20 40 21;
312;150200210;Leszczyny;Lubrzanka (21644);50 52 40;20 45 53;262.0
313;150200220;Grabie;Wisła (2);50 02 43;20 08 36;193.0
314;150210010;RAKÓW;Czarna (2178);50 40 34;21 01 43;
315;150210020;SZCZUCIN;Wisła (2);50 19 37;21 04 38;
316;150210030;MOCHA;Łagowica (217832);50 40 14;21 04 49;
317;150210040;Rzepin;Świślina (2348);50 58 22;21 05 31;
318;150210050;WILKOWA;Wschodnia (21788);50 27 45;21 09 57;
319;150210060;STASZÓW;Czarna (2178);50 33 23;21 10 23;
320;150210070;WAMPIERZÓW;Breń (2174);50 17 58;21 13 51;
321;150210080;Nietulisko Duże;Świślina (2348);50 58 44;21 14 31;
322;150210090;Kunów;Kamienna (234);50 57 43;21 16 44;
323;150210100;POŁANIEC;Czarna (2178);50 26 05;21 17 06;
324;150210110;GŁOWACZOWA;Grabinka (21876);50 02 59;21 18 45;
325;150210120;MIELEC 2;Wisłoka (218);50 16 45;21 25 49;
326;150210130;PUSTKÓW;Wisłoka (218);50 08 36;21 27 54;
327;150210140;BRZEŹNICA;Brzeźnica (2188);50 06 23;21 29 13;
328;150210150;KOŁO;Wisła (2);50 30 17;21 30 40;
329;150210160;KOPRZYWNICA;Koprzywianka (2194);50 35 45;21 34 23;
330;150210170;SANDOMIERZ;Wisła (2);50 40 21;21 44 46;
331;150210180;Annopol;Wisła (2);50 53 57;21 49 56;
332;150210190;ZAWICHOST;Wisła (2);50 48 21;21 51 47;
333;150210200;GRĘBÓW;Łęg (2198);50 34 33;21 54 43;
334;150210210;RADOMYŚL;San (22);50 40 25;21 55 51;
335;150210220;Włochy;Pokrzywianka (234852);50 54 27;21 08 49;
336;150210410;Wola Raniżowska;Łęg (2198);50 17 39;21 59 16;
337;150220010;RZESZÓW;Wisłok (226);50 02 23;22 00 56;
338;150220020;RUDA JASTKOWSKA;Bukowa (2294);50 35 51;22 08 23;
339;150220030;NISKO;San (22);50 31 12;22 11 34;
340;150220040;SARZYNA;Trzebośnica (2274);50 19 38;22 20 51;
341;150220050;HARASIUKI;Tanew (228);50 28 39;22 28 27;
342;150220060;GORLICZYNA;Mleczka (2268);50 05 08;22 29 14;
343;150220070;RZUCHÓW;San (22);50 14 49;22 30 07;
344;150220080;TRYŃCZA;Wisłok (226);50 09 44;22 32 50;
345;150220090;LEŻACHÓW;San (22);50 08 25;22 36 11;
346;150220100;JAROSŁAW;San (22);50 01 16;22 42 10;
347;150220110;BIŁGORAJ;Łada (2286);50 32 32;22 42 55;
348;150220120;Zakłodzie;Pór (24174);50 45 27;22 51 36;
349;150220130;ZAPAŁÓW;Lubaczówka (2256);50 06 02;22 53 24;
350;150220140;CHARYTANY;Szkło (2254);50 00 12;22 56 19;
351;150220160;OSUCHY;Tanew (228);50 23 56;22 57 18;
352;150220170;Zwierzyniec;Wieprz (24);50 36 40;22 58 00;
353;150230010;Nielisz;Wieprz (24);50 48 31;23 02 28;
354;150230020;Wirkowice;Wieprz (24);50 51 58;23 05 56;
355;150230030;KRZAK;Łabuńka (242);50 48 09;23 06 16;
356;150230040;Krasnystaw;Wieprz (24);50 59 07;23 10 36;
357;150230050;Orłów Drewniany;Wolica (2432);50 54 54;23 11 48;
358;150230070;Gozdów;Huczwa (267142);50 46 39;23 48 26;
359;150230080;Michalów;Wieprz (24);50 44 03;23 01 14;
360;150240010;Strzyżów;Bug (26714);50 50 22;24 02 09;
361;150240020;Kryłów;Bug (26714);50 40 38;24 03 45;
362;151140010;Gubin;Nysa Łużycka (174);51 58 19;14 42 25;
363;151140020;Pleśno;Lubsza (1748);51 54 56;14 45 16;
364;151140030;Przewoźniki;Skroda (1746);51 31 31;14 49 18;
365;151140040;Przewóz;Nysa Łużycka (174);51 28 20;14 56 49;
366;151140050;Ręczyn;Witka (1742);51 02 35;14 58 48;
367;151140060;Zgorzelec;Nysa Łużycka (174);51 09 40;14 59 37;
368;151140170;Janiszowice;Nysa Łużycka (174);51 46 43;14 39 13;
369;151140180;Olszyna;Nysa Łużycka (174);51 39 59;14 45 11;
370;151140190;Gubin;Lubsza (1748);51 56 31;14 44 04;
371;151140200;Sanice;Nysa Łużycka (174);51 25 02;14 58 03;
372;151150010;Zgorzelec;Czerwona Woda (1744);51 07 51;15 01 14;
373;151150020;Ostróżno;Witka (1742);51 01 15;15 01 58;
374;151150030;Iłowa;Czerna Mała (1686);51 30 11;15 11 54;
375;151150040;Nowogród Bobrzański;Bóbr (16);51 47 55;15 14 13;
376;151150050;Dobroszów Wielki;Bóbr (16);51 46 27;15 15 22;
377;151150060;Leśna;Kwisa (166);51 01 42;15 17 12;
378;151150070;Żagań;Czerna Wielka (168);51 36 50;15 17 23;
379;151150080;Żagań;Bóbr (16);51 37 05;15 18 57;
380;151150090;Łozy;Kwisa (166);51 29 29;15 22 07;
381;151150100;Nowogrodziec;Kwisa (166);51 12 11;15 23 45;
382;151150110;Gryfów Śląski;Kwisa (166);51 01 36;15 24 47;
383;151150120;Szprotawa;Bóbr (16);51 33 41;15 31 36;
384;151150130;Szprotawa;Szprotawa (164);51 33 55;15 33 19;
385;151150140;Dąbrowa Bolesławiecka;Bóbr (16);51 19 33;15 34 14;
386;151150150;Nowa Sól;Odra (1);51 48 08;15 43 18;
387;151150160;Zagrodno;Skora (13866);51 11 20;15 51 50;
388;151150170;Świerzawa;Kaczawa (138);51 01 04;15 53 16;
389;151150180;Chojnów;Skora (13866);51 16 22;15 56 44;
390;151160020;Rzymówka;Kaczawa (138);51 08 22;16 01 32;
391;151160030;Radzyń;Jez. Sławskie (Czernica) (15612);51 52 22;16 02 17;
392;151160040;Bukowna;Czarna Woda (1386);51 18 36;16 02 49;
393;151160050;Dunino;Kaczawa (138);51 09 25;16 04 38;
394;151160060;Głogów;Odra (1);51 40 26;16 03 33;
395;151160070;Winnica;Nysa Szalona (1384);51 06 42;16 05 37;
396;151160080;Rzeszotary;Czarna Woda (1386);51 14 56;16 08 41;
397;151160090;Jawor;Nysa Szalona (1384);51 02 54;16 11 23;
398;151160100;Piątnica;Kaczawa (138);51 13 40;16 11 57;
399;151160130;Ścinawa;Odra (1);51 24 32;16 26 36;
400;151160140;Osetno;Barycz (14);51 37 55;16 27 36;
401;151160150;Malczyce;Odra (1);51 13 36;16 29 23;
402;151160160;Rydzyna;Polski Rów (148);51 46 58;16 40 08;
403;151160170;Brzeg Dolny;Odra (1);51 15 38;16 43 36;
404;151160180;Bogdaszowice;Strzegomka (1348);51 05 12;16 47 33;
405;151160190;Jarnołtów;Bystrzyca (134);51 07 18;16 50 34;
406;151160200;Korzeńsko;Orla (146);51 32 21;16 52 21;
407;151160220;Kanclerzowice;Sąsiecznica (144);51 27 13;16 57 22;
408;151160230;Ślęza;Ślęza (1336);51 02 15;16 59 06;
409;151160260;Sława Śląska;Czernica (15612);51 52 50;16 04 31;
410;151160300;Wąsosz;Barycz (14);51 33 30;16 41 19;
411;151170010;Krzyżanowice;Widawa (136);51 10 16;17 02 51;
412;151170030;Trestno;Odra (1);51 04 56;17 08 49;
413;151170040;Łąki;Barycz (14);51 29 35;17 08 47;
414;151170050;Zbytowa;Widawa (136);51 06 21;17 24 24;
415;151170060;Bogdaj;Polska Woda (142);51 30 58;17 33 51;
416;151170070;Odolanów;Barycz (14);51 34 32;17 40 12;
417;151170080;Odolanów;Kuroch (1414);51 34 42;17 40 13;
418;151170090;Namysłów;Widawa (136);51 04 49;17 42 36;
419;151170110;Bogusław;Prosna (184);51 53 54;17 57 13;
420;151180010;Ołobok;Ołobok (1844);51 38 22;18 04 08;
421;151180020;Piwonice;Prosna (184);51 43 36;18 06 26;
422;151180030;Kuźnica Skakawska;Niesób (1842);51 16 47;18 07 54;
423;151180040;Mirków;Prosna (184);51 18 56;18 09 17;
424;151180050;Dębe;Swędrnia (18482);51 47 29;18 11 52;
425;151180060;Kraszewice;Łużyca (18438);51 31 09;18 13 30;
426;151180070;Gorzów Śląski;Prosna (184);51 02 07;18 26 04;
427;151180080;Sieradz;Warta (18);51 36 00;18 44 31;
428;151180090;Niechmirów;Oleśnica (1818);51 23 17;18 45 44;
429;151180100;Osjaków;Warta (18);51 17 08;18 47 06;
430;151180110;Uniejów;Warta (18);51 58 21;18 47 28;
431;151180120;Burzenin;Warta (18);51 27 30;18 50 16;
432;151180130;Działoszyn;Warta (18);51 06 37;18 52 24;
433;151180140;Podgórze;Widawka (182);51 27 54;18 56 35;
434;151180150;Widawa;Nieciecz (18292);51 26 18;18 56 48;
435;151180160;Poddębice;Ner (1832);51 53 30;18 56 58;
436;151180170;Rogóźno;Widawka (182);51 26 08;18 58 27;
437;151180180;Grabno;Grabia (1828);51 27 30;18 59 07;
438;151180190;Grabów nad Prosną;Prosna (184);51 30 36;18 07 27;
439;151180200;Kuśnie;Żeglina (18312);51 32 06;18 40 51;
440;151180210;Smardzew;Myja (18314);51 35 49;18 39 20;
441;151180220;Grabina;Pichna (183178);51 45 40;18 45 46;
442;151190010;Kule;Liswarta (1816);51 02 34;19 02 53;
443;151190020;Szczerców;Widawka (182);51 19 42;19 06 49;
444;151190030;Łask;Grabia (1828);51 35 49;19 07 19;
445;151190040;Lutomiersk;Ner (1832);51 45 23;19 13 17;
446;151190060;Bobry;Warta (18);51 01 31;19 24 19;
447;151190070;Gieczno;Moszczenica (2722);51 59 49;19 26 35;
448;151190080;Kłudzice;Luciąża (254534);51 20 57;19 46 55;
449;151190090;Przedbórz;Pilica (254);51 05 22;19 52 30;
450;151190100;Sulejów-Kopalnia;Pilica (254);51 20 37;19 53 10;
451;151190110;Zawada;Wolbórka (2546);51 31 48;19 56 34;
452;151190120;Dąbrowa;Czarna (2544);51 18 50;19 58 18;
453;151190130;Kazimierz;Ner (1832);51 45 58;19 12 09;
454;151200020;Spała;Pilica (254);51 32 14;20 08 02;
455;151200040;Opoczno;Drzewiczka (2548);51 22 53;20 18 03;
456;151200080;Odrzywół;Drzewiczka (2548);51 31 10;20 33 46;
457;151200090;Nowe Miasto n.Pilicą;Pilica (254);51 36 33;20 34 24;
458;151200100;Bzin;Kamienna (234);51 06 13;20 51 20;
459;151200110;Słowików;Radomka (252);51 27 26;20 53 17;
460;151200120;Białobrzegi;Pilica (254);51 39 27;20 57 04;
461;151210010;Wąchock;Kamienna (234);51 04 33;21 01 08;
462;151210020;Michałów;Kamienna (234);51 00 42;21 06 04;
463;151210040;Brody Iłżeckie;Kamienna (234);51 01 17;21 12 10;
464;151210050;GUSIN;Wisła (2);51 53 34;21 15 16;
465;151210060;ROGOŻEK;Radomka (252);51 38 08;21 21 31;
466;151210070;Cyganówka;Wilga (2536);51 51 43;21 27 01;
467;151210080;Kazanów;Iłżanka (236);51 16 24;21 28 00;
468;151210090;Czekarzewice;Kamienna (234);51 01 59;21 40 53;
469;151210100;OZIEMKÓWKA;Wilga (2536);51 54 59;21 45 06;
470;151210110;Mika;Okrzejka (2532);51 40 24;21 45 22;
471;151210120;Dęblin;Wisła (2);51 33 46;21 49 35;
472;151210130;BÓR;Wyżnica (2336);51 00 51;21 52 41;
473;151210190;PUŁAWY-AZOTY;Wisła (2);51 26 43;21 56 44;
474;151210220;Kolonia Nadwiślańska;Wisła (2);51 07 29;21 47 26;
475;151220010;Kośmin;Wieprz (24);51 34 23;22 00 05;
476;151220040;Witowice;Kurówka (2392);51 24 33;22 05 10;
477;151220050;MŁYNISKA;Minina (2492);51 32 34;22 23 12;
478;151220070;Lublin;Bystrzyca (246);51 13 04;22 32 32;
479;151220080;Tchórzew;Tyśmienica (248);51 40 45;22 33 22;
480;151220090;Lubartów;Wieprz (24);51 29 53;22 38 37;
481;151220100;Sobianowice;Bystrzyca (246);51 18 06;22 41 17;
482;151220110;Siemień;Tyśmienica (248);51 38 35;22 46 42;
483;151220120;PARCZEW;Piwonia (2482);51 38 51;22 54 29;
484;151220130;BISKUPICE;Giełczewka (244);51 09 18;22 56 43;
485;151220150;Zemborzyce;Bystrzyca (246);51 09 20;22 29 31;
486;151230010;Trawniki;Wieprz (24);51 08 19;23 00 04;
487;151230020;Rossosz;Muława (26714484);51 51 28;23 07 55;
488;151230030;Okuninka;Włodawka (2671436);51 31 18;23 31 22;
489;151230040;WŁODAWA;Bug (26714);51 33 05;23 33 59;
490;151230050;RUDA-OPALIN;Uherka (2671434);51 15 24;23 35 05;
491;151230060;Dorohusk;Bug (26714);51 11 06;23 48 28;
492;152140010;Bielinek;Odra (1);52 55 45;14 09 15;
493;152140020;Gozdowice;Odra (1);52 45 51;14 19 04;
494;152140050;Słubice;Odra (1);52 20 53;14 33 20;
495;152140060;Kostrzyn nad Odrą;Odra (1);52 35 57;14 36 38;
496;152140070;Kostrzyn nad Odrą;Warta (18);52 34 55;14 39 44;
497;152140080;Maczków;Ilanka (178);52 16 30;14 44 40;
498;152140090;Biała Góra;Odra (1);52 05 36;14 43 38;
499;152140100;Dolsk;Myśla (1912);52 48 10;14 50 35;
500;152140110;SĄDÓW;Pliszka (176);52 13 10;14 50 51;
501;152140120;Myślibórz;Myśla (1912);52 55 17;14 51 44;
502;152140130;Połęcko;Odra (1);52 03 09;14 53 32;
503;152150010;Świerkocin;Warta (18);52 39 02;14 59 58;
504;152150020;Stary Raduszec;Bóbr (16);52 02 11;15 04 43;
505;152150040;Gorzów Wielkopolski;Warta (18);52 43 48;15 15 11;
506;152150050;Nietków;Odra (1);52 02 47;15 20 51;
507;152150080;Santok;Warta (18);52 44 01;15 23 48;
508;152150090;Santok;Noteć (188);52 44 21;15 25 04;
509;152150100;Bledzew;Obra (1878);52 31 03;15 25 16;
510;152150110;Skwierzyna;Warta (18);52 36 07;15 30 01;
511;152150130;Cigacice;Odra (1);52 01 59;15 36 27;
512;152150140;Gościmiec;Noteć (188);52 46 32;15 38 18;
513;152150150;Ługi;Jez. Żabie (Mierzęcka Struga) (18888);52 56 40;15 41 36;
514;152150180;Mierzęcin;Mierzęcka Struga (18888);52 57 21;15 49 46;
515;152150190;Nowe Drezdenko;Noteć (188);52 51 03;15 50 15;
516;152150200;Międzychód;Warta (18);52 36 15;15 53 10;
517;152150220;Zbąszyń;Obra (1878);52 15 01;15 55 23;
518;152150230;Chełst;Miała (18892);52 49 45;15 56 57;
519;152150240;Drawiny;Drawa (1888);52 53 08;15 58 40;
520;152160010;Krzyż;Noteć (188);52 51 42;16 00 06;
521;152160050;Wronki;Warta (18);52 42 42;16 22 48;
522;152160060;Konojad;Mogilnica (18568);52 09 05;16 31 55;
523;152160070;Czarnków;Noteć (188);52 54 30;16 33 15;
524;152160080;Szamotuły;Sama (1872);52 36 44;16 34 53;
525;152160090;Kościan;Kanał Mosiński (1856);52 05 24;16 38 39;
526;152160100;Oborniki;Warta (18);52 38 37;16 48 49;
527;152160110;Kowanówko;Wełna (186);52 40 07;16 50 12;
528;152160130;Mosina;Kanał Mosiński (1856);52 14 54;16 51 23;
529;152160140;Poznań-Most Rocha;Warta (18);52 24 08;16 56 43;
530;152160150;Głuszyna;Kopel (18574);52 19 01;16 57 12;
531;152170010;Śrem;Warta (18);52 05 35;17 00 58;
532;152170030;Wierzenica;Główna (18592);52 27 33;17 04 17;
533;152170040;Pruśce;Wełna (186);52 46 23;17 05 54;
534;152170060;Nowa Wieś Podgórna;Warta (18);52 08 30;17 35 24;
535;152170080;Pyzdry;Warta (18);52 10 04;17 41 43;
536;152170120;Samarzewo;Wrześnica (1838);52 13 24;17 44 35;
537;152170130;Ląd;Warta (18);52 12 13;17 53 10;
538;152170150;Trąbczyn;Czarna Struga (18356);52 08 17;17 58 34;
539;152179994;Raszewy;Lutynia (1852);52 05 24;17 36 59;
540;152180010;Gębice;Noteć Zachodnia (1882);52 36 02;18 02 00;
541;152180020;Goryszewo;Panna (18826);52 37 37;18 02 07;
542;152180030;Pakość;Noteć (188);52 48 00;18 05 35;
543;152180050;Sławsk;Warta (18);52 11 54;18 08 00;
544;152180060;Posoka;Powa (18352);52 12 11;18 13 21;
545;152180090;Noć Kalina;Noteć (188);52 26 18;18 22 50;
546;152180100;Łysek;Noteć (188);52 24 24;18 30 13;
547;152180110;Kościelec;Kiełbaska Duża (18334);52 10 31;18 34 31;
548;152180120;Koło;Warta (18);52 11 43;18 38 04;
549;152180130;OTŁOCZYNEK;Tążyna (2796);52 53 51;18 41 25;
550;152180140;Grzegorzew;Rgilewka (18332);52 12 00;18 44 34;
551;152180150;Dąbie;Ner (1832);52 05 05;18 49 26;
552;152180160;Konin-Morzysław;Kanał Ślesiński (1834);52 13 50;18 17 39;
553;152180180;Zaborowo;Pichna (18812);52 25 10;18 24 42;
554;152190030;WŁOCŁAWEK;Wisła (2);52 39 48;19 04 10;
555;152190050;Kwiatkówek;Bzura (272);52 03 45;19 13 03;
556;152190100;Bielawy;Mroga (27234);52 04 25;19 39 00;
557;152190110;Sierpc;Sierpienica (27564);52 51 25;19 40 15;
558;152190120;KĘPA POLSKA;Wisła (2);52 25 53;19 57 48;
559;152190160;Babiec;Skrwa (2756);52 54 08;19 41 22;
560;152199992;Łowicz;Bzura (272);52 06 36;19 57 37;
561;152199997;Kutno;Ochnia (27218);52 13 57;19 21 01;
562;152200010;Kęszyce;Rawka (2726);52 08 09;20 07 53;
563;152200020;Trzciniec;Wkra (268);52 55 50;20 10 19;
564;152200030;WYSZOGRÓD;Wisła (2);52 23 05;20 11 35;
565;152200050;Żuków;Bzura (272);52 15 42;20 16 09;
566;152200070;Władysławów;Łasica (27296);52 19 20;20 21 15;
567;152200080;Strachowo;Płonka (26876);52 37 50;20 26 19;
568;152200090;Krubice;Utrata (2728);52 14 23;20 27 06;
569;152200100;Luberadz;Łydynia (2686);52 45 41;20 28 38;
570;152200110;MODLIN;Wisła (2);52 25 50;20 39 35;
571;152200120;Borkowo;Wkra (268);52 33 42;20 39 56;
572;152200130;Orzechowo;Narew (26);52 29 17;20 51 52;
573;152200150;WYCHÓDŹC;Wisła (2);52 23 38;20 25 22;
574;152209994;Nowe Miasto;Sona (2688);52 39 21;20 37 58;
575;152209996;Sochocin;Wkra (268);52 41 07;20 28 09;
576;152209997;Duranów;Pisia Gągolina (27276);52 11 59;20 14 21;
577;152210020;Piaseczno 2;Jeziorka (258);52 03 48;21 02 22;
578;152210030;MAKÓW MAZOWIECKI;Orzyc (2658);52 51 39;21 06 25;
579;152210040;Warszawa-Nadwilanówka;Wisła (2);52 11 11;21 06 29;
580;152210060;ZAMBSKI KOŚCIELNE;Narew (26);52 45 22;21 12 22;
581;152210070;WÓLKA MLĄDZKA;Świder (256);52 08 21;21 19 49;
582;152210090;Wyszków;Bug (26714);52 35 18;21 27 10;
583;152210100;CZARNOWO;Orz (2656);52 53 00;21 32 14;
584;152210110;Zawiszyn;Osownica (2671488);52 29 12;21 39 22;
585;152210120;Łochów;Liwiec (267148);52 30 36;21 40 42;
586;152210130;Nowe Kaczkowo;Brok (2671476);52 43 42;21 57 20;
587;152210140;JAGODNE;Kostrzyń (2671484);52 12 06;21 58 41;
588;152210150;Popowo;Bug (26714);52 31 41;21 10 32;
589;152210170;WARSZAWA-BULWARY;Wisła (2);52 14 50;21 01 15;
590;152210180;Pułtusk;Narew (26);52 42 10;21 05 36;
591;152219993;Różan;Narew (26);52 53 07;21 24 22;
592;152219996;Zielonka;Długa (267184);52 18 46;21 08 25;
593;152220010;Zaliwie-Piegawki;Liwiec (267148);52 15 11;22 05 41;
594;152220050;Frankopol;Bug (26714);52 24 54;22 33 39;
595;152220060;HRUSZEW;Toczna (2671458);52 19 14;22 43 13;
596;152220070;Brańsk;Nurzec (267146);52 44 38;22 49 07;
597;152220080;SURAŻ;Narew (26);52 56 56;22 57 18;
598;152220100;Kozarze;Nurzec (267146);52 40 11;22 28 35;
599;152229999;MAŁKINIA;Bug (26714);52 40 27;22 00 58;
600;152230010;Boćki;Nurzec (267146);52 39 06;23 02 17;
601;152230020;Porosiuki;Krzna (267144);52 01 12;23 03 31;
602;152230030;CHRABOŁY;Orlanka (2614);52 51 44;23 11 45;
603;152230040;PLOSKI;Narew (26);52 54 08;23 13 56;
604;152230050;Perkowice;Zielawa (2671448);51 59 47;23 17 06;
605;152230060;TRZEŚCIANKA;Rudnia (26136);52 56 20;23 25 32;
606;152230070;Malowa Góra;Krzna (267144);52 06 13;23 28 03;
607;152230080;Krzyczew;Bug (26714);52 08 49;23 29 57;
608;152230090;NAREW;Narew (26);52 54 57;23 31 22;
609;152230100;NAREWKA;Narewka (2612);52 51 47;23 43 31;
610;152230110;BONDARY;Narew (26);52 56 25;23 44 56;
611;152230120;SIEMIANÓWKA;Narew (26);52 56 25;23 45 26;
612;152230190;BIAŁOWIEŻA-PARK;Narewka (2612);52 42 05;23 50 29;
613;152230200;ZABUŻE;Bug (26714);52 19 03;23 02 56;
614;153140010;Świnoujście;Morze Bałtyckie (0);53 54 30;14 15 52;
615;153140020;Widuchowa;Odra (1);53 07 21;14 22 55;
616;153140030;Gryfino;Odra (1);53 15 25;14 29 04;
617;153140040;Trzebież;Zalew Szczeciński (319);53 39 33;14 31 08;
618;153140050;Szczecin Most Długi;Odra (1);53 25 21;14 33 35;
619;153140060;Wolin;Cieśnina Dziwna (35);53 50 17;14 37 00;
620;153140070;Dziwnów;Morze Bałtyckie (0);54 01 14;14 43 54;
621;153140080;Widzieńsko;Gowienica (314);53 39 56;14 44 41;
622;153140090;Goleniów;Ina (198);53 33 47;14 49 37;
623;153140100;Żelewo;Płonia (197432);53 16 39;14 51 48;
624;153140110;Okunica;Płonia (197432);53 11 51;14 56 17;
625;153140190;Szczecin-Podjuchy;Regalica (1974);53 22 08;14 35 33;
626;153140200;Morzyczyn;Jez. Miedwie (Płonia) (197432);53 21 05;14 54 59;
627;153150010;Stargard;Ina (198);53 21 01;15 02 27;
628;153150020;Morzyca;Mała Ina (1986);53 12 31;15 08 49;
629;153150030;Kulice;Sąpólna (4268);53 39 36;15 10 06;
630;153150040;Gogolewo;Krąpiel (1988);53 22 57;15 10 21;
631;153150050;Resko;Rega (42);53 46 22;15 23 43;
632;153150080;Łobez;Rega (42);53 37 45;15 36 48;
633;153150090;Gola Dolna;Rega (42);53 44 59;15 43 50;
634;153150100;Drawno;Drawa (1888);53 13 04;15 45 50;
635;153150120;Drawsko Pomorskie;Drawa (1888);53 31 37;15 48 39;
636;153150190;Mołstowo;Mołstowa (428);53 59 14;15 21 49;
637;153160020;Tychówko;Parsęta (44);53 54 03;16 03 55;
638;153160030;Stare Drawsko;Drawa (1888);53 36 06;16 11 42;
639;153160070;Nadarzyce;Piława (18865994);53 27 57;16 29 45;
640;153160080;Storkowo;Parsęta (44);53 46 45;16 29 42;
641;153160110;Wiesiółka;Dobrzyca (188659948);53 16 18;16 36 44;
642;153160160;Ujście 2;Noteć (188);53 03 18;16 43 17;
643;153160170;Ujście;Noteć (188);53 03 17;16 43 49;
644;153160180;Piła;Gwda (1886);53 09 05;16 44 23;
645;153160190;Zabrodzie;Piława (18865994);53 15 26;16 44 54;
646;153160200;Gwda Wielka;Gwda (1886);53 44 25;16 47 37;
647;153160210;Ptusza;Gwda (1886);53 22 00;16 47 47;
648;153160250;Okonek;Czarna (188654);53 31 29;16 50 06;
649;153160260;Czarne;Czernica (18862);53 41 40;16 57 04;
650;153170010;Białośliwie;Noteć (188);53 04 25;17 07 29;
651;153170040;Wyrzysk;Łobżonka (1884);53 09 03;17 16 15;
652;153170050;Ciecholewy;Brda (292);53 48 52;17 24 39;
653;153170060;Swornegacie;Brda (292);53 51 35;17 29 54;
654;153170070;Swornegacie;Zbrzyca (292372);53 52 57;17 30 34;
655;153170100;Nakło-Zachód;Noteć (188);53 07 25;17 33 44;
656;153170110;Motyl;Sępolna (29274);53 25 41;17 49 36;
657;153170120;Tuchola;Brda (292);53 34 23;17 54 12;
658;153170140;Smukała;Brda (292);53 11 17;17 57 47;
659;153179996;Chociński Młyn;Chocina (292332);53 49 53;17 26 54;
660;153180010;Czarna Woda;Wda (294);53 50 28;18 05 34;
661;153180020;FORDON;Wisła (2);53 08 48;18 10 12;
662;153180030;Bożepole Szlacheckie;Wierzyca (298);53 58 35;18 13 52;
663;153180040;Tleń;Prusina (2946);53 37 12;18 15 28;
664;153180050;Błędno;Wda (294);53 42 06;18 20 50;
665;153180060;Krąplewice;Wda (294);53 29 22;18 22 51;
666;153180080;Chełmno;Wisła (2);53 21 47;18 24 54;
667;153180090;Toruń;Wisła (2);53 00 28;18 36 27;
668;153180100;GRUDZIĄDZ;Wisła (2);53 29 06;18 44 43;
669;153180110;Brody Pomorskie;Wierzyca (298);53 51 30;18 45 37;
670;153180120;Hel;Morze Bałtyckie (0);54 36 07;18 48 02;
671;153180130;Kwidzyn;Liwa (522);53 43 20;18 54 41;
672;153180140;Elgiszewo;Drwęca (28);53 03 39;18 55 42;
673;153180150;Rogóżno 2;Osa (296);53 31 00;18 56 56;
674;153190010;Świecie;Lutryna (2966);53 26 36;19 05 53;
675;153190020;Lisnowo;Osa (296);53 26 55;19 08 08;
676;153190030;Prabuty;Jez. Dzierzgoń (liwa) (522);53 46 45;19 11 59;
677;153190040;Bągart;Elbląg (54);53 57 58;19 22 09;
678;153190050;Brodnica;Drwęca (28);53 15 20;19 24 03;
679;153190080;Iława;Jez. Jeziorak (Iławka) (2856);53 35 52;19 33 23;
680;153190090;Nowe Miasto Lubawskie;Drwęca (28);53 25 20;19 35 24;
681;153190100;Dziarny;Iławka (2856);53 34 14;19 36 53;
682;153190120;Rodzone;Drwęca (28);53 31 20;19 39 35;
683;153190130;Kuligi;Wel (286);53 25 46;19 41 27;
684;153190140;Samborowo;Drwęca (28);53 40 10;19 48 21;
685;153190150;Lidzbark;Wel (286);53 16 00;19 49 07;
686;153190170;Ostróda;Jez. Drwęckie (Drwęca) (28);53 42 10;19 57 34;
687;153190180;Bachotek;Skarlanka (2876);53 19 12;19 26 35;
688;153190190;TAMA BRODZKA;Skarlanka (2876);53 16 54;19 28 37;
689;153200010;Idzbark;Drwęca (28);53 40 20;20 02 02;
690;153200020;SZREŃSK;Mławka (2684);53 00 35;20 07 42;
691;153200030;Kalisty;Pasłęka (56);53 55 02;20 11 45;
692;153200040;Tomaryny;Pasłęka (56);53 44 10;20 12 24;
693;153200050;Sarnowo;Szkotówka (2682);53 16 08;20 14 47;
694;153200070;OLSZTYN-KORTOWO;Łyna (584);53 45 23;20 28 18;
695;153200090;SZYPRY;Jez. Wadąg (Wadąg) (5844);53 50 08;20 34 25;
696;153200160;WIELBARK;Sawica (26542);53 24 06;20 56 39;
697;153210010;KRUKOWO;Omulew (2654);53 18 32;21 06 29;
698;153210020;KRASNOSIELC;Orzyc (2658);53 02 07;21 09 16;
699;153210040;MYSZYNIEC;Rozoga (2652);53 23 11;21 20 27;
700;153210050;SPYCHOWO;Krutynia (264326);53 36 31;21 20 48;
701;153210070;BIAŁOBRZEG BLIŻSZY;Omulew (2654);53 06 30;21 28 43;
702;153210090;OSTROŁĘKA;Narew (26);53 05 02;21 33 46;
703;153210120;WALERY;Rozoga (2652);53 08 50;21 37 10;
704;153210130;GŁODOWO;Jez. Śniardwy (Pisa) (264);53 43 34;21 39 20;
705;153210140;SZKWA;Szkwa (26518);53 10 49;21 41 09;
706;153210170;PTAKI;Pisa (264);53 23 35;21 47 32;
707;153210180;ZARUZIE;Ruż (26516);53 08 54;21 48 01;
708;153210190;PISZ;Pisa (264);53 37 28;21 48 23;
709;153210200;MALDANIN;Jez. Roś (Pisa) (264);53 39 02;21 49 26;
710;153210210;NOWOGRÓD;Narew (26);53 13 36;21 51 55;
711;153210220;DOBRYLAS;Pisa (264);53 17 09;21 51 53;
712;153220010;PIĄTNICA-ŁOMŻA;Narew (26);53 11 36;22 05 36;
713;153220050;EŁK;Jez. Ełckie (ełk) (2628);53 49 13;22 20 39;
714;153220060;EŁK;Ełk (2628);53 49 54;22 23 00;
715;153220070;WIZNA;Narew (26);53 12 03;22 24 29;
716;153220080;PROSTKI;Ełk (2628);53 42 02;22 26 21;
717;153220090;CZACHY;Wissa (26296);53 22 41;22 26 46;
718;153220100;BURZYN;Biebrza (262);53 16 27;22 27 33;
719;153220110;CHEŁCHY;Lega (2626);53 52 46;22 28 04;
720;153220130;STRĘKOWA GÓRA;Narew (26);53 13 11;22 32 19;
721;153220140;PRZECHODY;Ełk (2628);53 33 18;22 35 11;
722;153220150;KUCZE;Lega (2626);53 46 56;22 35 49;
723;153220160;OSOWIEC;Ełk (2628);53 29 12;22 37 36;
724;153220170;OSOWIEC;Biebrza (262);53 28 59;22 38 19;
725;153220180;ZAWADY;Ślina (26196);53 09 25;22 40 25;
726;153220190;RAJGRÓD;Jez. Rajgrodzkie (Lega) (2626);53 43 58;22 41 59;
727;153220200;RAJGRÓD;Lega (2626);53 43 50;22 42 06;
728;153220220;WOŹNAWIEŚ;Lega (2626);53 41 01;22 44 58;
729;153220230;KULESZE-CHOBOTKI;Nereśl (2618);53 14 30;22 45 53;
730;153220240;RACZKI;Netta (2622);53 59 27;22 47 10;
731;153220250;DOLISTOWO STARE;Biebrza (262);53 33 12;22 54 25;
732;153220260;DĘBOWO;Biebrza (262);53 36 35;22 55 49;
733;153220270;BABINO;Narew (26);53 09 15;22 56 33;
734;153220280;BIAŁOBRZEGI;Netta (2622);53 48 15;22 57 59;
735;153220290;SZCZEBRA;Blizna (26224);53 54 22;22 58 31;
736;153220310;CZARNA WIEŚ;Kanał Kuwasy (262898);53 42 40;22 38 22;
737;153230010;FASTY;Supraśl (2616);53 10 43;23 01 36;
738;153230020;KARPOWICZE;Brzozówka (2624);53 35 07;23 02 36;
739;153230060;ZAWADY;Biała (26168);53 09 37;23 06 24;
740;153230070;SZTABIN;Biebrza (262);53 40 19;23 06 59;
741;153230080;SOCHONIE;Czarna (26166);53 13 01;23 10 50;
742;153230110;SUPRAŚL;Supraśl (2616);53 12 45;23 20 18;
743;153230120;JAŁOWY RÓG;Czarna Hańcza (64);53 54 00;23 24 21;
744;153230130;HARASIMOWICZE;Sidra (26214);53 39 45;23 26 56;
745;153230140;SOKOŁDA;Sokołda (26162);53 14 50;23 28 35;
746;153230160;Gródek;Supraśl (2616);53 05 42;23 40 18;
747;153230170;NOWOSIÓŁKI;Supraśl (2616);53 10 24;23 31 48;
748;154150010;Trzebiatów;Rega (42);54 03 49;15 15 39;
749;154150030;Kołobrzeg;Morze Bałtyckie (0);54 11 12;15 33 12;
750;154150040;Bardy;Parsęta (44);54 05 30;15 42 50;
751;154150050;Białogard;Parsęta (44);54 00 11;15 58 35;
752;154150060;Rościęcino;Parsęta (44);54 06 55;15 36 26;
753;154150070;Karlino;Parsęta (44);54 02 20;15 52 10;
754;154150080;Mrzeżyno;Rega (42);54 08 30;15 17 10;
755;154160020;Białogórzyno;Radew (448);54 03 45;16 07 00;
756;154160030;Koszalin;Dzierżęcinka (45614);54 11 08;16 11 20;
757;154160060;Grabowo;Grabowa (468);54 17 54;16 26 15;
758;154160070;Stary Kraków;Wieprza (46);54 26 32;16 36 23;
759;154160080;Cybulino;Radew (448);54 02 25;16 37 04;
760;154160090;Krąg;Grabowa (468);54 14 34;16 43 23;
761;154160100;Pieszcz;Moszczeniczka (4672);54 27 26;16 46 11;
762;154160110;Ustka;Morze Bałtyckie (0);54 35 17;16 51 14;
763;154160120;Korzybie;Wieprza (46);54 16 50;16 52 42;
764;154160130;Ciecholub;Studnica (464);54 09 57;16 54 07;
765;154160140;Charnowo;Słupia (472);54 32 46;16 55 39;
766;154160150;Darłowo;Morze Bałtyckie (0);54 26 21;16 22 49;
767;154160160;Zielnowo;Wieprza (46);54 26 31;16 28 32;
768;154169997;Sławno;Wieprza (46);54 21 57;16 41 18;
769;154170010;Słupsk;Słupia (472);54 28 12;17 01 52;
770;154170020;Krępa;Glaźna (4728);54 25 07;17 02 57;
771;154170030;Skarszów Dolny;Skotawa (4726);54 21 54;17 07 07;
772;154170040;Kwisno;Wieprza (46);54 05 06;17 07 49;
773;154170060;Smołdzino;Łupawa (474);54 39 42;17 12 53;
774;154170070;Gałążnia Mała;Słupia (472);54 17 18;17 18 06;
775;154170080;Łupawa;Łupawa (474);54 25 10;17 24 56;
776;154170090;Izbica;Jez. Łebsko (Łeba) (476);54 40 52;17 25 41;
777;154170100;Łeba;Morze Bałtyckie (0);54 45 48;17 33 02;
778;154170110;Cecenowo;Łeba (476);54 39 16;17 33 51;
779;154170120;Soszyca;Słupia (472);54 15 00;17 34 47;
780;154170130;Pogorzelice;Pogorzelica (4764);54 29 18;17 35 43;
781;154170150;Zawiaty;Łupawa (474);54 19 57;17 37 13;
782;154170160;Lębork;Łeba (476);54 32 31;17 44 50;
783;154170180;Wawrzynowo;Wda (294);54 02 44;17 53 51;
784;154170190;Borucino;Jez. Raduńskie Górne (Radunia) (4868);54 15 12;17 59 29;
785;154170230;Obrowo;Łupawa (474);54 15 46;17 35 57;
786;154170240;Borucino;Borucinka (48681152);54 15 20;17 58 48;
787;154170320;Głuszynko;Darżyńska Struga (47436);54 29 35;17 27 11;
788;154170330;Łebsko;Morze Bałtyckie (0);54 45 11;17 32 12;
789;154170340;Żelkówko;Słupia (472);54 21 37;17 05 05;
790;154179991;Stężyca;Radunia (4868);54 12 24;17 57 16;
791;154179998;Damno;Łupawa (474);54 31 45;17 19 34;
792;154180010;Sarnowy;Wierzyca (298);54 04 22;18 00 58;
793;154180020;Miłoszewo;Łeba (476);54 26 24;18 01 46;
794;154180030;Zamostne;Reda (478);54 39 01;18 06 12;
795;154180040;Ostrzyce;Jez. Ostrzyckie (Radunia) (4868);54 15 23;18 06 41;
796;154180050;Warszkowski Młyn;Piaśnica (4772);54 41 30;18 09 11;
797;154180060;Goręczyno;Radunia (4868);54 15 49;18 09 53;
798;154180070;Bolszewo;Bolszewka (4784);54 36 39;18 10 00;
799;154180080;Wejherowo;Reda (478);54 36 48;18 13 30;
800;154180090;Puck;Morze Bałtyckie (0);54 43 21;18 24 39;
801;154180100;Władysławowo;Morze Bałtyckie (0);54 47 48;18 25 07;
802;154180110;Zapowiednik;Wierzyca (298);54 02 19;18 28 10;
803;154180120;Gdynia;Morze Bałtyckie (0);54 31 04;18 33 19;
804;154180140;Gdańsk Port Północny;Morze Bałtyckie (0);54 23 59;18 41 53;
805;154180150;Tczew;Wisła (2);54 05 14;18 48 20;
806;154180160;Gdańsk Sobieszewo;Martwa Wisła (48);54 20 47;18 48 55;
807;154180170;Wiślina;Motława (486);54 18 27;18 43 31;
808;154180180;Suchy Dąb;Bielawa (4864);54 13 53;18 43 55;
809;154180190;Gdańsk Przegalina;Wisła (2);54 18 38;18 55 45;
810;154180200;Gdańsk Świbno;Wisła (2);54 20 11;18 56 08;
811;154180210;Gdańsk Ujście Wisły;Wisła (2);54 21 10;18 56 35;
812;154180220;Gdańska Głowa;Wisła (2);54 16 01;18 57 05;
813;154180230;Borucino;Radunia (4868);54 15 10;17 59 46;
814;154180260;Pruszcz Gdański;Kanał Raduński (48696);54 15 12;18 37 48;
815;154180270;Pruszcz Gdański;Radunia (4868);54 15 00;18 37 49;
816;154180280;Dębki;Morze Bałtyckie (0);54 49 53;18 03 45;
817;154180290;Reda-Cedron;Reda (478);54 36 35;18 16 09;
818;154180300;Skarszewy;Wietcisa (2984);54 03 24;18 25 45;
819;154190010;Nowy Dwór Gdański;Tuja (5146);54 12 52;19 06 47;
820;154190020;Tujsk;Szkarpawa (514);54 17 03;19 08 18;
821;154190030;Osłonka;Zalew Wiślany (5119);54 15 54;19 14 41;
822;154190040;Nowotki;Nogat (52);54 15 09;19 18 00;
823;154190050;Nowakowo;Zalew Wiślany (5119);54 13 50;19 21 47;
824;154190060;Elbląg;Elbląg (54);54 10 19;19 23 16;
825;154190070;Krynica Morska;Zalew Wiślany (5119);54 22 43;19 26 43;
826;154190080;Żukowo;Jez.Druzno (5459999);54 06 10;19 27 03;
827;154190090;Tolkmicko;Zalew Wiślany (5119);54 19 24;19 31 23;
828;154190100;Pasłęk;Wąska (5456);54 04 14;19 39 36;
829;154190110;Nowe Sadłuki;Bauda (558);54 15 37;19 42 42;
830;154190130;Nowa Pasłęka;Zalew Wiślany (5119);54 25 33;19 44 46;
831;154190140;Braniewo;Pasłęka (56);54 23 03;19 49 35;
832;154190150;Pierzchały 2;Pasłęka (56);54 18 02;19 50 56;
833;154190160;Pierzchały;Pasłęka (56);54 18 03;19 50 56;
834;154190170;Łozy;Pasłęka (56);54 11 41;19 57 03;
835;154190180;NOWY ŚWIAT- UJŚCIE;Morze Bałtyckie (0);54 21 50;19 18 40;
836;154200010;Bornity;Wałsza (568);54 11 09;20 02 52;
837;154200020;Krosno;Drwęca Warmińska (566);54 07 51;20 10 22;
838;154200030;SMOLAJNY;Łyna (584);54 01 33;20 23 49;
839;154200040;PIASECZNO;Elma (58474);54 13 10;20 33 01;
840;154209999;Olkowo;Pasłęka (56);54 06 21;20 02 18;
841;154210010;SĘPOPOL;Łyna (584);54 15 58;21 00 21;
842;154210020;PROSNA;Guber (5848);54 14 01;21 05 12;
843;154210030;BYKOWO;Sajna (58488);54 13 14;21 06 38;
844;154210060;PRZYSTAŃ;Jez. Mamry (Węgorapa) (582);54 11 27;21 39 01;
845;154210070;WĘGORZEWO;Węgorapa (582);54 13 36;21 43 51;
846;154210080;PRYNOWO;Węgorapa (582);54 14 39;21 43 12;
847;154210090;GIŻYCKO;Pisa (264);54 02 08;21 45 40;
848;154210100;MIEDUNISZKI;Węgorapa (582);54 19 35;21 58 48;
849;154210110;Smokowo;Dejna (58482);54 03 58;21 19 25;
850;154220010;BANIE MAZURSKIE;Gołdapa (5824);54 14 52;22 01 47;
851;154220030;MAŁE WRONKI;Ełk (2628);54 01 18;22 13 19;
852;154220050;JURKISZKI;Gołdapa (5824);54 18 33;22 22 05;
853;154220070;WÓLKA;Jez. Rospuda Filipowska (Netta) (2622);54 12 14;22 37 00;
854;154220090;BRÓD STARY;Czarna Hańcza (64);54 08 04;22 52 50;
855;154220100;KLESZCZÓWEK;Szeszupa (68);54 16 15;22 54 38;
856;154220110;GOŁDAP 2;Gołdapa (5824);54 18 46;22 18 43;
857;154230010;POSZESZUPIE;Szeszupa (68);54 20 40;23 01 15;
858;154230030;CZERWONY FOLWARK;Czarna Hańcza (64);54 04 11;23 07 02;
859;154230040;ZELWA;Marycha (648);54 01 37;23 27 31;
860;250161110;Golińsk;Ścinawka (122);50 38 49;16 12 12;493.0
